poMovPrAddTarifaAutomatica,AMX1PrAddPO_TarifaAutomatica
poMovPrAddBonoPortabilidad2GB,AMX1PrAddPO_BonoPortabilidad2GB
poMovPrAddPaqueteInternetIlimit6,AMX1PrAddPO_PaqueteInternetIlim6
poMovPrAddPaqueteRecurr25MB,AMX1PrAddPO_PaqueteRec25MB
poMovPrAddPaqueteRecurr200MB,AMX1PrAddPO_PaqueteRec200MB
poMovPrAddPaqueteRecurr400MB,AMX1PrAddPO_PaqueteRec400MB
poMovPrAddPaqueteInternet100MB,AMX1PrAddPO_PaqueteInternet100MB
poMovPrAddPaqueteInternet200MB,AMX1PrAddPO_PaqueteInter200MB
poMovPrAddPaqueteInternet500MB,AMX1PrAddPO_PaqueteInter200MB
poMovPrAddPaqueteInternet1GB,AMX1PrAddPO_PaqueteInternet1GB
poMovPrAddPaqueteInternet3GB,AMX1PrAddPO_PaqueteInternet3GB
poMovPrAddPaqueteInternet14GB,AMX1PrAddPO_PaqueteInternet4GB
poMovPrAddPaqueteInternet40GB,AMX1PrAddPO_PaqueteInternet40GB
poMovPrAddFBTWWhatsapp1D,AMX1PrAddPO_FBTwitterWhatsapp1D
poMovPrAddFBTWWhatsapp6D,AMX1PrAddPO_FBTwitterWhatsapp6D
poMovPrAddFBTWWhatsapp30D,AMX1PrAddPO_FBTwitterWhatsapp30D
poMovPrAddPaqueteVideoS3,AMX1PrAddPO_PaqueteVideo3S
poMovPrAddPaqueteSMS1DIlimitado,AMX1PrAddPO_PaqueteSMS1DIlim
poMovPrAddPaqueteSMSFDS,AMX1PrAddPO_PaqueteSMSFDS
poMovPrAddPaqueteSMSUNO,AMX1PrAddPO_PaqueteSMSUNO
poMovPrAddPaqueteSMSDOS,AMX1PrAddPO_PaqueteSMSDOS
poMovPrAddPaqueteSMSTRES,AMX1PrAddPO_PaqueteSMSTRES
poMovPrAddPaqueteSMSCINCO,AMX1PrAddPO_PaqueteSMSCINCO
poMovPrAddCargaMontonNocheOpc1,AMX1PrAddPO_CargaMontonNocheOpc1
poMovPrAddCargamontonNoche1DOpc3,AMX1PrAddPO_CargamonNoche1DOpc3
poMovPrAddCargamontonNFDe3Soles,AMX1PrAddPO_CargamontonNFDe3Sol
poMovPrAddCargamontonNFDe5Soles,AMX1PrAddPO_CargamontonNFDe5Sol
poMovPrAddLlamaNoMasOpcion1,AMX1PrAddPO_LlamaNoMasOpcion1
poMovPrAddLlamaNoMasOpcion2,AMX1PrAddPO_LlamaNoMasOpcion2
poMovPrAddLlamaNoMasOpcion3,AMX1PrAddPO_LlamaNoMasOpcion3
poMovPrAddCargamontonMixMinutos,AMX1PrAddPO_CargamontonMixMin
poMovPrAddPaqueteBienvenida1,AMX1PrAddPO_PaqueteBienvenida1
poMovPrAddPaqueteBienvenida2,AMX1PrAddPO_PaqueteBienvenida2
poMovPrAddPaqueteTriplicaMB5,AMX1PrAddPO_PaqueteTriplicaMB5
poMovPrAddPaqTripMB10,AMX1PrAddPO_PaqueteTriplicaMB10
poMovPrAddPaqueteTriplicaMB15,AMX1PrAddPO_PaqueteTriplicaMB15
poMovPrAddPaqueteTriplicaMB158D,AMX1PrAddPO_PaqueteTriplicaMB158D
poMovPrAddPaqCom5,AMX1PrAddPO_PaqueteCom5
poMovPrAddPaqCom10,AMX1PrAddPO_PaqueteCom10
poMovPrAddPaqueteIlimitado3,AMX1PrAddPO_PaqueteIlimitado3
poMovPrAddPaqueteIlimitado5,AMX1PrAddPO_PaqueteIlimitado5
poMovPrAddPaqueteIlimitado10,AMX1PrAddPO_PaqueteIlimitado10
poMovPrAddMultiplicax4De3Soles,AMX1PrAddPO_Multx4De3Soles
poMovPrAddMultiplicax4De6Soles,AMX1PrAddPO_Multx4De6Soles
poMovPrAddMultiplicax4De10Soles,AMX1PrAddPO_Multx4De10Soles
poMovPrAddMultiplicax4De20Soles,AMX1PrAddPO_Multx4De20Soles
poMovPrAddMultiplicax4De30Soles,AMX1PrAddPO_Multx4De30Soles
poMovPrAddMultiplicax4De40Soles,AMX1PrAddPO_Multx4De40Soles
poMovPrAddBonoInicialTUNBAM,AMX1PrAddPO_BonoInicialTUNBAM
poMovPrAddPaqueteBAM100MB,AMX1PrAddPO_PaqueteBAM100MB
poMovPrAddPaqueteBAM200MB,AMX1PrAddPO_PaqueteBAM200MB
poMovPrAddPaqueteBAM500MB,AMX1PrAddPO_PaqueteBAM500MB
poMovPrAddPaqueteBAM1GB,AMX1PrAddPO_PaqueteBAM1GB
poMovPrAddPaqueteBAM3GB,AMX1PrAddPO_PaqueteBAM3GB
poMovPrAddPaqueteBAM14GB,AMX1PrAddPO_PaqueteBAM14GB
poMovPrAddPaqueteBAM40GB,AMX1PrAddPO_PaqueteBAM40GB
poMovPrAddBonoMixInicial,AMX1PrAddPO_BonoMixInicial
poMovPrAddBonoReposicion3D,AMX1PrAddPO_BonoReposicion3D
poMovPrAddBonoReposicion4D,AMX1PrAddPO_BonoReposicion4D
poMovPrAddRecargaPlusPrepago,AMX1PRAddPO_RecPlusPrepago
poMovPrAddHablaGratis,AMX1PRAddPO_HablaGratis
poMovPrAddTarifaTUN,AMX1PrAddPO_TarifaTUN
poMovPrAdd1912,AMX1PrAddPO_1912
poMovPrAddBonoInicial,AMX1PrAddPO_BonoInicial
poMovPrAddBonoSmartWatchANDA,AMX1PrAddPO_BonoSmartWatchANDA
poMovPrAddPaqueteRRSSMB1D,AMX1PrAddPO_PaqueteRRSSSMB1D
poMovPrAddPaqueteRRSSMB2D,AMX1PrAddPO_PaqueteRRSSSMB2D
poMovPrAddPaqueteRRSSMB5D,AMX1PrAddPO_PaqueteRRSSSMB5D
poMovPrAddPaqueteRRSSMB12D,AMX1PrAddPO_PaqueteRRSSSMB12D
poMovPrAddPaqueteRRSSMB20D,AMX1PrAddPO_PaqueteRRSSSMB20D
poMovPrAddBonoAnualVoz40Min,AMX1PrAddPO_BonoAnualVoz40Min
poMovPrAddBonoAnualVoz60Min,AMX1PrAddPO_BonoAnualVoz60Min
poMovPrAddBonoAnualVoz100Min,AMX1PrAddPO_BonoAnualVoz100Min
poMovPrAddBonoAnualVoz150Min,AMX1PrAddPO_BonoAnualVoz150Min
poMovPrAddBonoAnualVoz170Min,AMX1PrAddPO_BonoAnualVoz170Min
poMovPrAddBonoAnualDatos2GB,AMX1PrAddPO_BonoAnualDatos2GB
poMovPrAddBonoAnualDatos3GB,AMX1PrAddPO_BonoAnualDatos3GB
poMovPrAddAnualizadoSuscripcion,AMX1PrAddPO_AnualizadoSuscrip
poMovPrAddBon10Min3D,AMX1PrAddPO_Bon10Min3D
poMovPrAddBono20Min5D,AMX1PrAddPO_Bono20Min5D
poMovPrAddBono30Min9D,AMX1PrAddPO_Bono30Min9D
poMovPrAddBonoDatos150MB7D,AMX1PrAddPO_BonoDatos150MB7
poMovPrAddBonoDatos200MB7D,AMX1PrAddPO_BonoDatos200MB7D
poMovPrAddBonoDatos250MB7D,AMX1PrAddPO_BonoDatos250MB7D
poMovPrAddBonoDatos300MB7D,AMX1PrAddPO_BonoDatos300MB7D
poMovPrAddBonoDatos400MB7D,AMX1PrAddPO_BonoDatos400MB7D
poMovPrAddBonoDatos500MB7D,AMX1PrAddPO_BonoDatos500MB7D
poMovPrAddBonoDatos600MB7D,AMX1PrAddPO_BonoDatos600MB7D
poMovPrAddBonoDatos700MB7D,AMX1PrAddPO_BonoDatos700MB7D
poMovPrAddBonoDatos800MB7D,AMX1PrAddPO_BonoDatos800MB7D
poMovPrAddBonoDatos1GB7D,AMX1PrAddPO_BonoDatos1GB7D
poMovPrAddBonoDatos15GB7D,AMX1PrAddPO_BonoDatos15GB7D
poMovPrAddBonoDatos2GB7D,AMX1PrAddPO_BonoDatos2GB7D
poMovPrAddBonoDatos3GB7D,AMX1PrAddPO_BonoDatos3GB7D
poMovPrAddBonoDatos4GB7D,AMX1PrAddPO_BonoDatos4GB7D
poMovPrAddBonoDatos5GB7D,AMX1PrAddPO_BonoDatos5GB7D
poMovPrAddBonoDatos100MB5D,AMX1PrAddPO_BonDat100MB5
poMovPrAddBonoDatos150MB5D,AMX1PrAddPO_BonoDatos150MB5D
poMovPrAddBonoDatos200MB5D,AMX1PrAddPO_BonoDatos200MB5D
poMovPrAddBonoDatos250MB5D,AMX1PrAddPO_BonoDatos250MB5D
poMovPrAddBonoDatos300MB5D,AMX1PrAddPO_BonoDatos300MB5D
poMovPrAddBonoDatos400MB5D,AMX1PrAddPO_BonoDatos400MB5D
poMovPrAddBonoDatos500MB5D,AMX1PrAddPO_BonoDatos500MB5D
poMovPrAddBonoDatos600MB5D,AMX1PrAddPO_BonoDatos600MB5D
poMovPrAddBonoDatos700MB5D,AMX1PrAddPO_BonoDatos700MB5D
poMovPrAddBonoDatos800MB5D,AMX1PrAddPO_BonoDatos800MB5D
poMovPrAddBonoDatos1GB5D,AMX1PrAddPO_BonoDatos1GB5D
poMovPrAddBonoDatos15GB5D,AMX1PrAddPO_BonoDatos15GB5D
poMovPrAddBonoDatos2GB5D,AMX1PrAddPO_BonoDatos2GB5D
poMovPrAddBonoDatos3GB5D,AMX1PrAddPO_BonoDatos3GB5D
poMovPrAddBonoDatos4GB5D,AMX1PrAddPO_BonoDatos4GB5D
poMovPrAddBonoDatos5GB5D,AMX1PrAddPO_BonoDatos5GB5D
poMovPrAddBonoDatos50MB3D,AMX1PrAddPO_BonoDatos50MB3D
poMovPrAddBonoDatos100MB3D,AMX1PrAddPO_BonDat100MB3D
poMovPrAddBonoDatos150MB3D,AMX1PrAddPO_BonoDatos150MB3D
poMovPrAddBonoDatos200MB3D,AMX1PrAddPO_BonoDatos200MB3D
poMovPrAddBonoDatos250MB3D,AMX1PrAddPO_BonoDatos250MB3D
poMovPrAddBonoDatos300MB3D,AMX1PrAddPO_BonoDatos300MB3D
poMovPrAddBonoDatos400MB3D,AMX1PrAddPO_BonoDatos400MB3D
poMovPrAddBonoDatos500MB3D,AMX1PrAddPO_BonoDatos500MB3D
poMovPrAddBonoDatos600MB3D,AMX1PrAddPO_BonoDatos600MB3D
poMovPrAddBonoDatos700MB3D,AMX1PrAddPO_BonoDatos700MB3D
poMovPrAddBonoDatos800MB3D,AMX1PrAddPO_BonoDatos800MB3D
poMovPrAddBonoDatos1GB3D,AMX1PrAddPO_BonoDatos1GB3D
poMovPrAddBonoDatos15GB3D,AMX1PrAddPO_BonoDatos15GB3D
poMovPrAddBonoDatos2GB3D,AMX1PrAddPO_BonoDatos2GB3D
poMovPrAddBonoDatos3GB3D,AMX1PrAddPO_BonoDatos3GB3D
poMovPrAddBonoBienvenida50MB3D,AMX1PrAddPO_BonoBienve50MB3D
poMovPrAddBonoBienvenida100MB3D,AMX1PrAddPO_BonoBienve100MB3D
poMovPrAddBonoBienvenida150MB3D,AMX1PrAddPO_BonoBienve150MB3D
poMovPrAddBonoBienvenida200MB3D,AMX1PrAddPO_BonoBienve200MB3D
poMovPrAddBonoBienvenida250MB3D,AMX1PrAddPO_BonoBienve250MB3D
poMovPrAddBonoBienvenida300MB3D,AMX1PrAddPO_BonoBienve300MB3D
poMovPrAddBonoBienvenida400MB3D,AMX1PrAddPO_BonoBienve400MB3D
poMovPrAddBonoBienvenida500MB3D,AMX1PrAddPO_BonoBienve500MB3D
poMovPrAddBonoBienvenida600MB3D,AMX1PrAddPO_BonoBienve600MB3D
poMovPrAddBonoBienvenida700MB3D,AMX1PrAddPO_BonoBienve700MB3D
poMovPrAddBonoBienvenida800MB3D,AMX1PrAddPO_BonoBienve800MB3D
poMovPrAddBonoBienvenida1GB3D,AMX1PrAddPO_BonBien1GB3D
poMovPrAddBonoBienvenida15GB3D,AMX1PrAddPO_BonoBienve15GB3D
poMovPrAddBonoBienvenida2GB3D,AMX1PrAddPO_BonoBienve2GB3D
poMovPrAddBonoBienvenida3GB3D,AMX1PrAddPO_BonoBienve3GB3D
poMovPrAddBonoDobleMegas50MB1D,AMX1PrAddPO_BonoDoblMega50MB1D
poMovPrAddBonoDobleMegas150MB3D,AMX1PrAddPO_BonDobMeg1503D
poMovPrAddBonoDobleMegas300MB7D,AMX1PrAddPO_BonoDoblMega300MB7D
poMovPrAddPaqSMSReq,AMX1PrAddPO_PaqSMSReq
poMovPrAddPaqueteInternet1D,AMX1PrAddPO_PaqueteInternet1D
poMovPrAddPaqueteInternet3D,AMX1PrAddPO_PaqueteInternet3D
poMovPrAddPaqueteInternet5D,AMX1PrAddPO_PaqueteInternet5D
poMovPrAddPaqueteInternet6D,AMX1PrAddPO_PaqueteInternet6D
poMovPrAddPaqueteInternet10D,AMX1PrAddPO_PaqueteInternet10D
poMovPrAddPaqueteInternet15D,AMX1PrAddPO_PaqueteInternet15D
poMovPrAddPaqueteInternet30D,AMX1PrAddPO_PaqueteInternet30D
poMovPrAddRec100MB,AMX1PrAddPO_AddRec100MB
poMovPrAddRec150MB,AMX1PrAddPO_AddRec150MB
poMovPrAddRec200MB,AMX1PrAddPO_AddRec200MB
poMovPrAddRec300MB,AMX1PrAddPO_AddRec300MB
poMovPrAddRec400MB,AMX1PrAddPO_AddRec400MB
poMovPrAddRec500MB,AMX1PrAddPO_AddRec500MB
poMovPrAddRec600MB,AMX1PrAddPO_AddRec600MB
poMovPrAddRec700MB,AMX1PrAddPO_AddRec700MB
poMovPrAddRec800MB,AMX1PrAddPO_AddRec800MB
poMovPrAddRec1GB,AMX1PrAddPO_AddRec1GB
poMovPrAddRec100MB5SMS,AMX1PrAddPO_AddRec100MB5SMS
poMovPrAddRec150MB5SMS,AMX1PrAddPO_AddRec150MB5SMS
poMovPrAddRec200MB5SMS,AMX1PrAddPO_AddRec200MB5SMS
poMovPrAddRec300MB5SMS,AMX1PrAddPO_AddRec300MB5SMS
poMovPrAddRec400MB5SMS,AMX1PrAddPO_AddRec400MB5SMS
poMovPrAddRec500MB10SMS,AMX1PrAddPO_AddRec500MB10SMS
poMovPrAddRec600MB10SMS,AMX1PrAddPO_AddRec600MB10SMS
poMovPrAddRec700MB10SMS,AMX1PrAddPO_AddRec700MB10SMS
poMovPrAddRec800MB15SMS,AMX1PrAddPO_AddRec800MB15SMS
poMovPrAddRec1GB15SMS,AMX1PrAddPO_AddRec1GB15SMS
poMovPrAddRec15Min,AMX1PrAddPO_AddRec15Min
poMovPrAddRec30Min,AMX1PrAddPO_AddRec30Min
poMovPrAddRec60Min,AMX1PrAddPO_AddRec60Min
poMovPrAddRecIlim3D,AMX1PrAddPO_AddRecIlim3D
poMovPrAddRecIlim4D,AMX1PrAddPO_AddRecIlim4D
poMovPrAddRecIlim5D,AMX1PrAddPO_AddRecIlim5D
poMovPrAddRecIlim6D,AMX1PrAddPO_AddRecIlim6D
poMovPrAddRecIlim7D,AMX1PrAddPO_AddRecIlim7D
poMovPrAddRecIlim8D,AMX1PrAddPO_AddRecIlim8D
poMovPrAddRecIlim10D,AMX1PrAddPO_AddRecIlim10D
poMovPrAddRec15Min5SMS,AMX1PrAddPO_AddRec15Min5SMS
poMovPrAddRec30Min5SMS,AMX1PrAddPO_AddRec30Min5SMS
poMovPrAddRec60Min5SMS,AMX1PrAddPO_AddRec60Min5SMS
poMovPrAddRec90Min5SMS,AMX1PrAddPO_AddRec90Min5SMS
poMovPrAddRec120Min5SMS,AMX1PrAddPO_AddRec120Min5SMS
poMovPrAddRecIlimMin10SMS4D,AMX1PrAddPO_AddRecIlim10SMS4D
poMovPrAddRecIlimMin10SMS5D,AMX1PrAddPO_AddRecIlim10SMS5D
poMovPrAddRecIlimMin10SMS6D,AMX1PrAddPO_AddRecIlim10SMS6D
poMovPrAddRecIlimMin15SMS7D,AMX1PrAddPO_AddRecIlim15SMS7D
poMovPrAddRecIlimMin15SMS8D,AMX1PrAddPO_AddRecIlim15SMS8D
poMovPrOpcPaqueteRec15MBBAM,AMX1PrepOpcPO_PaqueteRec15MBBAM
poMovPrOpcPaqueteRec55MBBAM,AMX1PrepOpcPO_PaqueteRec55MBBAM
poMovPrOpcPaqueteRec100MBBAM,AMX1PrepOpcPO_PaquetRec100MBBAM
poMovPrAddBonoAnuDatJue400MB,AMX1PrAddPO_BonoAnuDatJue400MB
poMovPrAddBonoAnuDatJue600MB,AMX1PrAddPO_BonoAnuDatJue600MB
poMovPrAddBonoAnuDatJue1GB,AMX1PrAddPO_BonoAnuDatJue1GB
poMovPrAddBonoAnuDatJue1_5GB,AMX1PrAddPO_BonoAnuDatJue1_5GB
poMovPrAddBonoAnuDatJue2GB,AMX1PrAddPO_BonoAnuDatJue2GB
poMovPrAddBono300MB3D,AMX1PrAddPO_Bono300MB
poMovPrAddTarifaVoz,AMX1PrAddPO_TarifaVoz
poMovPrAddTarifaSMS,AMX1PrAddPO_TarifaSMS
poMovPrAddTarifaDatos100MB,AMX1PrAddPO_TarifaDatos100MB
poMovPrAddTarifaDatos200MB,AMX1PrAddPO_TarifaDatos200MB
poMovPrAddTarifaDatos500MB,AMX1PrAddPO_TarifaDatos500MB
poMovPrAddTarifaDatos1GB,AMX1PrAddPO_TarifaDatos1GB
poMovPrAddTarifaBonoSMS,AMX1PrAddPO_TarifaBonoSMS